Germany,2010,350
France,2010,280
United Kingdom,2010,400
Italy,2010,320
Spain,2010,290
Germany,2011,360
France,2011,290
United Kingdom,2011,410
Italy,2011,330
Spain,2011,300
Germany,2012,370
France,2012,300
United Kingdom,2012,420
Italy,2012,340
Spain,2012,310
Germany,2013,380
France,2013,310
United Kingdom,2013,430
Italy,2013,350
Spain,2013,320
Germany,2014,390
France,2014,320
United Kingdom,2014,440
Italy,2014,360
Spain,2014,330
Germany,2015,400
France,2015,330
United Kingdom,2015,450
Italy,2015,370
Spain,2015,340
Germany,2016,410
France,2016,340
United Kingdom,2016,460
Italy,2016,380
Spain,2016,350
Germany,2017,420
France,2017,350
United Kingdom,2017,470
Italy,2017,390
Spain,2017,360
Germany,2018,430
France,2018,360
United Kingdom,2018,480
Italy,2018,400
Spain,2018,370
Germany,2019,440
France,2019,370
United Kingdom,2019,490
Italy,2019,410
Spain,2019,380
Germany,2020,450
France,2020,380
United Kingdom,2020,500
Italy,2020,420
Spain,2020,390
